<application>
  <component name="DefaultFont">
    <option name="FONT_FAMILY" value="Droid Sans Mono for Powerline" />
    <option name="FONT_REGULAR_SUB_FAMILY" value="Regular" />
    <option name="FONT_BOLD_SUB_FAMILY" value="Regular" />
    <option name="LINE_SPACING" value="1.4" />
  </component>
  <component name="EditorSettings">
    <option name="USE_SOFT_WRAPS" value="PREVIEW" />
    <option name="SOFT_WRAP_FILE_MASKS" value="*" />
    <option name="STRIP_TRAILING_SPACES" value="Whole" />
    <option name="IS_WHITESPACES_SHOWN" value="true" />
    <option name="KEEP_TRAILING_SPACE_ON_CARET_LINE" value="false" />
  </component>
  <component name="XmlEditorOptions">
    <option name="showCssInlineColorPreview" value="true" />
    <option name="tagTreeHighlightingLevelCount" value="9" />
    <option name="tagTreeHighlightingOpacity" value="20" />
  </component>
</application>