<application>
  <component name="UISettings">
    <option name="CLOSE_TAB_BUTTON_ON_THE_RIGHT" value="false" />
    <option name="EDITOR_AA_TYPE" value="Greyscale" />
    <option name="EDITOR_TAB_LIMIT" value="20" />
    <option name="IDE_AA_TYPE" value="Greyscale" />
    <option name="MAX_LOOKUP_WIDTH2" value="1232" />
    <option name="MERGE_EQUAL_STACKTRACES" value="false" />
    <option name="PRESENTATION_MODE_FONT_SIZE" value="18" />
    <option name="SCROLL_TAB_LAYOUT_IN_EDITOR" value="false" />
    <option name="SHOW_MAIN_TOOLBAR" value="true" />
  </component>
</application>