<application>
  <component name="ShowUsagesSettings">
    <option name="GROUP_BY_FILE_STRUCTURE" value="true" />
    <option name="GROUP_BY_MODULE" value="true" />
    <option name="GROUP_BY_PACKAGE" value="true" />
    <option name="GROUP_BY_USAGE_TYPE" value="true" />
  </component>
  <component name="UsageViewSettings">
    <option name="FLATTEN_MODULES" value="false" />
    <option name="GROUP_BY_FILE_STRUCTURE" value="false" />
    <option name="GROUP_BY_SCOPE" value="true" />
    <option name="IS_PREVIEW_USAGES" value="true" />
    <option name="PREVIEW_USAGES_SPLITTER_PROPORTIONS" value="0.4816035" />
  </component>
</application>