<application>
  <component name="GitRememberedInputs">
    <option name="visitedUrls">
      <list>
        <UrlAndUserName>
          <option name="url" value="http://cloud.finedevelop.com" />
          <option name="userName" value="abel.chen" />
        </UrlAndUserName>
        <UrlAndUserName>
          <option name="url" value="http://git.fanruan.com" />
          <option name="userName" value="jinbokai" />
        </UrlAndUserName>
        <UrlAndUserName>
          <option name="url" value="http://github.com" />
          <option name="userName" value="bokaijin0606@gmail.com" />
        </UrlAndUserName>
        <UrlAndUserName>
          <option name="url" value="http://code.fineres.com" />
          <option name="userName" value="jinbokai" />
        </UrlAndUserName>
      </list>
    </option>
  </component>
  <component name="Vcs.Log.App.Settings">
    <option name="COLUMN_ID_ORDER">
      <list>
        <option value="Default.Root" />
        <option value="Default.Subject" />
        <option value="Default.Author" />
        <option value="Default.Date" />
      </list>
    </option>
  </component>
  <component name="VcsApplicationSettings">
    <option name="PATCH_STORAGE_LOCATION" value="$USER_HOME$/Downloads/永不宕机" />
  </component>
</application>